SN,Date (AD) ,Index Value ,Absolute Change ,Percentage Change
1,2025/07/21 ,2892.72,21.76,0.75%
2,2025/07/20 ,2870.95,0.32,0.01%
3,2025/07/17 ,2870.63,75.84,2.71%
4,2025/07/16 ,2794.78,34.61,1.25%
5,2025/07/15 ,2760.17,34.46,1.26%
6,2025/07/14 ,2725.71,-35.09,-1.27%
7,2025/07/13 ,2760.8,29,1.06%
8,2025/07/10 ,2731.8,25.89,0.95%
9,2025/07/09 ,2705.9,22.04,0.82%
10,2025/07/08 ,2683.86,-0.14,0.00%
11,2025/07/07 ,2684.01,-22.35,-0.82%
12,2025/07/06 ,2706.36,2.4,0.08%
13,2025/07/03 ,2703.96,9.14,0.33%
14,2025/07/02 ,2694.82,34.42,1.29%
15,2025/07/01 ,2660.39,28.91,1.09%
16,2025/06/30 ,2631.48,9.19,0.35%
17,2025/06/29 ,2622.28,26.53,1.02%
18,2025/06/26 ,2595.74,-4.45,-0.17%
19,2025/06/25 ,2600.2,-0.33,-0.01%
20,2025/06/24 ,2600.53,-0.22,0.00%
21,2025/06/23 ,2600.76,4.78,0.18%
22,2025/06/22 ,2595.97,-32.93,-1.25%
23,2025/06/19 ,2628.91,-24.76,-0.93%
24,2025/06/18 ,2653.68,-1.07,-0.04%
25,2025/06/17 ,2654.75,-3.9,-0.14%
26,2025/06/16 ,2658.66,2.8,0.10%
27,2025/06/15 ,2655.85,0.47,0.01%
28,2025/06/12 ,2655.38,-9.08,-0.34%
29,2025/06/11 ,2664.47,-13.69,-0.51%
30,2025/06/10 ,2678.17,25.07,0.94%
31,2025/06/09 ,2653.09,23.19,0.88%
32,2025/06/08 ,2629.89,-11.06,-0.41%
33,2025/06/05 ,2640.96,-5.99,-0.22%
34,2025/06/04 ,2646.95,-11.97,-0.45%
35,2025/06/03 ,2658.93,-35.73,-1.32%
36,2025/06/02 ,2694.66,1.6,0.05%
37,2025/05/28 ,2693.06,17.44,0.65%
38,2025/05/27 ,2675.62,0.85,0.03%
39,2025/05/26 ,2674.76,-5.21,-0.19%
40,2025/05/25 ,2679.98,-8.57,-0.31%
41,2025/05/22 ,2688.55,19.04,0.71%
42,2025/05/21 ,2669.51,-7.94,-0.29%
43,2025/05/20 ,2677.45,49.09,1.86%
44,2025/05/19 ,2628.36,19.3,0.74%
45,2025/05/18 ,2609.05,-2.79,-0.10%
46,2025/05/15 ,2611.85,-8.41,-0.32%
47,2025/05/14 ,2620.27,-13.96,-0.53%
48,2025/05/13 ,2634.23,-14.87,-0.56%
49,2025/05/11 ,2649.11,-12.53,-0.47%
50,2025/05/08 ,2661.64,-12.04,-0.45%
51,2025/05/07 ,2673.69,62.25,2.38%
52,2025/05/06 ,2611.43,1.03,0.03%
53,2025/05/05 ,2610.4,-9.98,-0.38%
54,2025/05/04 ,2620.39,-3.44,-0.13%
55,2025/04/30 ,2623.83,-8.14,-0.30%
56,2025/04/29 ,2631.98,-15.08,-0.57%
57,2025/04/28 ,2647.07,-14.53,-0.54%
58,2025/04/27 ,2661.6,3.58,0.13%
59,2025/04/24 ,2658.02,2.08,0.07%
60,2025/04/23 ,2655.94,-32.38,-1.20%
61,2025/04/22 ,2688.32,-9.96,-0.36%
62,2025/04/21 ,2698.28,-7.75,-0.28%
63,2025/04/20 ,2706.04,-16.68,-0.61%
64,2025/04/17 ,2722.73,26.49,0.98%
65,2025/04/16 ,2696.23,7.01,0.26%
66,2025/04/15 ,2689.22,27.14,1.01%
67,2025/04/13 ,2662.08,-8.62,-0.32%
68,2025/04/10 ,2670.7,-5.57,-0.20%
69,2025/04/09 ,2676.28,9.66,0.36%
70,2025/04/08 ,2666.61,-3.44,-0.12%
71,2025/04/07 ,2670.06,-33.33,-1.23%
72,2025/04/03 ,2703.39,3.35,0.12%
73,2025/04/02 ,2700.04,23.86,0.89%
74,2025/04/01 ,2676.17,-16.95,-0.62%
75,2025/03/30 ,2693.12,29.82,1.11%
76,2025/03/27 ,2663.3,41.43,1.58%
77,2025/03/26 ,2621.86,39.13,1.51%
78,2025/03/25 ,2582.73,-58.05,-2.19%
79,2025/03/24 ,2640.78,26.1,0.99%
80,2025/03/23 ,2614.68,-54.62,-2.04%
81,2025/03/20 ,2669.31,-12.84,-0.47%
82,2025/03/19 ,2682.15,-14.88,-0.55%
83,2025/03/18 ,2697.04,-7.66,-0.28%
84,2025/03/17 ,2704.7,-10.14,-0.37%
85,2025/03/16 ,2714.85,-21.63,-0.79%
86,2025/03/12 ,2736.48,17.28,0.63%
87,2025/03/11 ,2719.2,-32.21,-1.17%
88,2025/03/10 ,2751.42,-20.68,-0.74%
89,2025/03/09 ,2772.1,-46.33,-1.64%
90,2025/03/06 ,2818.43,-2.7,-0.09%
91,2025/03/05 ,2821.13,-25.16,-0.88%
92,2025/03/04 ,2846.3,-30.36,-1.05%
93,2025/03/03 ,2876.66,-13.62,-0.47%
94,2025/03/02 ,2890.28,75.24,2.67%
95,2025/02/27 ,2815.04,49.15,1.77%
96,2025/02/25 ,2765.88,7.13,0.25%
97,2025/02/24 ,2758.75,3.35,0.12%
98,2025/02/23 ,2755.4,11.66,0.42%
99,2025/02/20 ,2743.74,3.14,0.11%
100,2025/02/18 ,2740.59,12.68,0.46%
101,2025/02/17 ,2727.91,29.87,1.10%
102,2025/02/16 ,2698.03,19.56,0.73%
103,2025/02/13 ,2678.47,-7.26,-0.27%
104,2025/02/12 ,2685.73,1.86,0.06%
105,2025/02/11 ,2683.86,6.54,0.24%
106,2025/02/10 ,2677.32,-10.98,-0.40%
107,2025/02/09 ,2688.31,-11.49,-0.42%
108,2025/02/06 ,2699.81,-11.64,-0.42%
109,2025/02/05 ,2711.45,-4.45,-0.16%
110,2025/02/04 ,2715.91,-14.08,-0.51%
111,2025/02/03 ,2730,2.41,0.08%
112,2025/02/02 ,2727.58,69.8,2.62%
113,2025/01/28 ,2657.77,24.5,0.93%
114,2025/01/27 ,2633.27,-10.66,-0.40%
115,2025/01/26 ,2643.93,-10.41,-0.39%
116,2025/01/23 ,2654.35,-11.1,-0.41%
117,2025/01/22 ,2665.45,52.36,2.00%
118,2025/01/21 ,2613.08,5.08,0.19%
119,2025/01/20 ,2607.99,6.78,0.26%
120,2025/01/19 ,2601.21,12.58,0.48%
121,2025/01/16 ,2588.62,-7.33,-0.28%
122,2025/01/15 ,2595.96,1.83,0.07%
123,2025/01/13 ,2594.13,-15.54,-0.59%
124,2025/01/12 ,2609.67,-25.41,-0.96%
125,2025/01/09 ,2635.09,-18.14,-0.68%
126,2025/01/08 ,2653.23,6.38,0.24%
127,2025/01/07 ,2646.84,6.16,0.23%
128,2025/01/06 ,2640.68,49.12,1.89%
129,2025/01/05 ,2591.56,5.32,0.20%
130,2025/01/02 ,2586.23,4.63,0.17%
131,2025/01/01 ,2581.6,5.1,0.19%
132,2024/12/31 ,2576.5,-33.08,-1.26%
133,2024/12/29 ,2609.58,-21.12,-0.80%
134,2024/12/26 ,2630.71,4.19,0.15%
135,2024/12/24 ,2626.52,14.31,0.54%
136,2024/12/23 ,2612.2,28.91,1.11%
137,2024/12/22 ,2583.29,-13.53,-0.52%
138,2024/12/19 ,2596.82,-31.43,-1.19%
139,2024/12/18 ,2628.26,-5.6,-0.21%
140,2024/12/17 ,2633.87,2.95,0.11%
141,2024/12/16 ,2630.91,-51.37,-1.91%
142,2024/12/12 ,2682.29,-33.42,-1.23%
143,2024/12/11 ,2715.71,45.88,1.71%
144,2024/12/10 ,2669.82,-6.32,-0.23%
145,2024/12/09 ,2676.15,-12.84,-0.47%
146,2024/12/08 ,2689,-45.93,-1.67%
147,2024/12/05 ,2734.93,-15.93,-0.57%
148,2024/12/04 ,2750.87,-24.97,-0.89%
149,2024/12/03 ,2775.85,17.8,0.64%
150,2024/12/02 ,2758.04,19.97,0.72%
151,2024/12/01 ,2738.06,-9.99,-0.36%
152,2024/11/28 ,2748.05,-8.3,-0.30%
153,2024/11/27 ,2756.36,39.7,1.46%
154,2024/11/26 ,2716.66,33.41,1.24%
155,2024/11/25 ,2683.24,15.83,0.59%
156,2024/11/24 ,2667.4,-13.03,-0.48%
157,2024/11/21 ,2680.44,-31.31,-1.15%
158,2024/11/20 ,2711.75,9.09,0.33%
159,2024/11/19 ,2702.65,-51.11,-1.85%
160,2024/11/17 ,2753.76,4.98,0.18%
161,2024/11/14 ,2748.78,13.95,0.51%
162,2024/11/13 ,2734.83,-14.12,-0.51%
163,2024/11/12 ,2748.96,-11.24,-0.40%
164,2024/11/11 ,2760.21,22.14,0.80%
165,2024/11/10 ,2738.06,62.54,2.33%
166,2024/11/06 ,2675.51,-1.88,-0.07%
167,2024/11/05 ,2677.4,-0.21,0.00%
168,2024/10/30 ,2677.62,-14.43,-0.53%
169,2024/10/29 ,2692.05,46.69,1.76%
170,2024/10/28 ,2645.36,27.41,1.04%
171,2024/10/27 ,2617.95,-9.19,-0.34%
172,2024/10/24 ,2627.14,-18.25,-0.68%
173,2024/10/23 ,2645.39,-20.41,-0.76%
174,2024/10/22 ,2665.81,25.88,0.98%
175,2024/10/21 ,2639.92,-57.99,-2.14%
176,2024/10/20 ,2697.91,-47.44,-1.72%
177,2024/10/17 ,2745.36,2.47,0.09%
178,2024/10/16 ,2742.88,43.22,1.60%
179,2024/10/15 ,2699.66,31.48,1.17%
180,2024/10/09 ,2668.17,4.85,0.18%
181,2024/10/08 ,2663.32,-27.39,-1.01%
182,2024/10/07 ,2690.72,37.13,1.39%
183,2024/10/06 ,2653.58,56.09,2.15%
184,2024/10/02 ,2597.49,-26.07,-0.99%
185,2024/10/01 ,2623.56,114.7,4.57%
186,2024/09/30 ,2508.86,44.45,1.80%
187,2024/09/29 ,2464.4,-22.36,-0.89%
188,2024/09/26 ,2486.76,-32.81,-1.30%
189,2024/09/25 ,2519.57,49.18,1.99%
190,2024/09/24 ,2470.39,-58.93,-2.33%
191,2024/09/23 ,2529.33,-59.02,-2.28%
192,2024/09/22 ,2588.35,11.58,0.44%
193,2024/09/18 ,2576.76,-4,-0.15%
194,2024/09/16 ,2580.76,-57.03,-2.16%
195,2024/09/15 ,2637.79,-50.73,-1.88%
196,2024/09/12 ,2688.53,78.31,3.00%
197,2024/09/11 ,2610.21,-22.73,-0.86%
198,2024/09/10 ,2632.94,-13.09,-0.49%
199,2024/09/09 ,2646.03,-55.86,-2.06%
200,2024/09/08 ,2701.9,-25.46,-0.93%
201,2024/09/05 ,2727.36,-12.1,-0.44%
202,2024/09/04 ,2739.46,-90.73,-3.20%
203,2024/09/03 ,2830.2,6.94,0.24%
204,2024/09/02 ,2823.25,127.32,4.72%
205,2024/09/01 ,2695.93,-53.63,-1.95%
206,2024/08/29 ,2749.57,-36.83,-1.32%
207,2024/08/28 ,2786.4,3.8,0.13%
208,2024/08/27 ,2782.6,-111.96,-3.86%
209,2024/08/25 ,2894.57,-79.88,-2.68%
210,2024/08/22 ,2974.46,6.01,0.20%
211,2024/08/21 ,2968.44,2.11,0.07%
212,2024/08/18 ,2966.33,-34.47,-1.14%
213,2024/08/15 ,3000.81,43.05,1.45%
214,2024/08/14 ,2957.75,34.29,1.17%
215,2024/08/13 ,2923.46,-8.18,-0.27%
216,2024/08/12 ,2931.65,70.81,2.47%
217,2024/08/11 ,2860.84,94.46,3.41%
218,2024/08/08 ,2766.38,6.7,0.24%
219,2024/08/07 ,2759.67,108.35,4.08%
220,2024/08/06 ,2651.32,-145.05,-5.18%
221,2024/08/05 ,2796.38,40.76,1.47%
222,2024/08/01 ,2755.62,-5.29,-0.19%
223,2024/07/31 ,2760.91,64.26,2.38%
224,2024/07/30 ,2696.65,35.55,1.33%
225,2024/07/29 ,2661.09,-20.46,-0.76%
226,2024/07/28 ,2681.56,113.42,4.41%
227,2024/07/25 ,2568.13,32.02,1.26%
228,2024/07/24 ,2536.11,-27.32,-1.06%
229,2024/07/23 ,2563.43,75.33,3.02%
230,2024/07/22 ,2488.09,2.15,0.08%
231,2024/07/21 ,2485.94,61.61,2.54%
232,2024/07/18 ,2424.32,59.68,2.52%
233,2024/07/17 ,2364.63,54.04,2.33%
234,2024/07/16 ,2310.59,70.18,3.13%
235,2024/07/15 ,2240.41,-17.18,-0.76%
236,2024/07/14 ,2257.59,52.97,2.40%
237,2024/07/11 ,2204.61,29.21,1.34%
238,2024/07/10 ,2175.4,23.25,1.08%
239,2024/07/09 ,2152.14,15.79,0.73%
240,2024/07/08 ,2136.35,-4.62,-0.21%
241,2024/07/07 ,2140.97,21.27,1.00%
242,2024/07/04 ,2119.7,15.47,0.73%
243,2024/07/03 ,2104.22,3.79,0.18%
244,2024/07/02 ,2100.43,47.04,2.29%
245,2024/07/01 ,2053.38,16.29,0.80%
246,2024/06/30 ,2037.09,-14.83,-0.72%
247,2024/06/27 ,2051.92,-8.24,-0.40%
248,2024/06/26 ,2060.16,-11.6,-0.56%
249,2024/06/25 ,2071.77,5.6,0.27%
250,2024/06/24 ,2066.16,3.21,0.15%
251,2024/06/23 ,2062.94,-5.37,-0.25%
252,2024/06/20 ,2068.31,-10.44,-0.50%
253,2024/06/19 ,2078.76,2.27,0.10%
254,2024/06/18 ,2076.49,-18.76,-0.89%
255,2024/06/16 ,2095.25,-17.04,-0.80%
256,2024/06/13 ,2112.29,-9.32,-0.43%
257,2024/06/12 ,2121.62,6.37,0.30%
258,2024/06/11 ,2115.24,33.15,1.59%
259,2024/06/10 ,2082.09,8.9,0.42%
260,2024/06/09 ,2073.19,-4.59,-0.22%
261,2024/06/06 ,2077.78,-1.93,-0.09%
262,2024/06/05 ,2079.71,-5.58,-0.26%
263,2024/06/04 ,2085.3,6.22,0.29%
264,2024/06/03 ,2079.07,-3.97,-0.19%
265,2024/06/02 ,2083.04,13.51,0.65%
266,2024/05/30 ,2069.53,-19.89,-0.95%
267,2024/05/29 ,2089.42,-23.81,-1.12%
268,2024/05/27 ,2113.27,3.93,0.18%
269,2024/05/26 ,2109.34,-22.14,-1.03%
270,2024/05/22 ,2131.49,15.54,0.73%
271,2024/05/21 ,2115.94,23.94,1.14%
272,2024/05/20 ,2092,27.54,1.33%
273,2024/05/19 ,2064.45,45.69,2.26%
274,2024/05/16 ,2018.76,0.79,0.03%
275,2024/05/15 ,2017.97,-9.54,-0.47%
276,2024/05/14 ,2027.51,28.62,1.43%
277,2024/05/13 ,1998.89,24.39,1.23%
278,2024/05/12 ,1974.5,8.26,0.42%
279,2024/05/09 ,1966.23,5.63,0.28%
280,2024/05/08 ,1960.6,-0.21,-0.01%
281,2024/05/07 ,1960.81,2.06,0.10%
282,2024/05/06 ,1958.75,-15.62,-0.79%
283,2024/05/05 ,1974.37,-24.58,-1.23%
284,2024/05/02 ,1998.96,-7.31,-0.36%
285,2024/04/30 ,2006.28,25.93,1.30%
286,2024/04/29 ,1980.34,0.07,0.00%
287,2024/04/28 ,1980.27,14.33,0.72%
288,2024/04/25 ,1965.93,-3.24,-0.16%
289,2024/04/24 ,1969.17,0.15,0.00%
290,2024/04/22 ,1969.02,-15.41,-0.77%
291,2024/04/21 ,1984.43,12.29,0.62%
292,2024/04/18 ,1972.14,-19.56,-0.98%
293,2024/04/16 ,1991.71,-14.81,-0.73%
294,2024/04/15 ,2006.52,-16.82,-0.83%
295,2024/04/14 ,2023.35,-2.35,-0.11%
296,2024/04/10 ,2025.3,-10.71,-0.52%
297,2024/04/09 ,2036.01,9.19,0.45%
298,2024/04/07 ,2026.81,22.75,1.13%
299,2024/04/04 ,2004.05,-2.73,-0.13%
300,2024/04/03 ,2006.78,-3.43,-0.17%
301,2024/04/02 ,2010.21,-1.85,-0.09%
302,2024/04/01 ,2012.07,-6.26,-0.31%
303,2024/03/31 ,2018.33,-17.3,-0.85%
304,2024/03/28 ,2035.64,4.78,0.23%
305,2024/03/27 ,2030.86,-10.83,-0.53%
306,2024/03/26 ,2041.7,10.14,0.49%
307,2024/03/25 ,2031.55,-17.01,-0.83%
308,2024/03/21 ,2048.57,-15.37,-0.74%
309,2024/03/20 ,2063.95,-3.34,-0.16%
310,2024/03/19 ,2067.29,-6.24,-0.30%
311,2024/03/18 ,2073.53,3.27,0.15%
312,2024/03/17 ,2070.25,-10.62,-0.51%
313,2024/03/14 ,2080.87,-27.84,-1.32%
314,2024/03/13 ,2108.72,-2.48,-0.11%
315,2024/03/12 ,2111.21,58.55,2.85%
316,2024/03/10 ,2052.65,22.1,1.08%
317,2024/03/07 ,2030.55,13.51,0.67%
318,2024/03/06 ,2017.03,9.33,0.46%
319,2024/03/05 ,2007.69,-70.31,-3.38%
320,2024/03/04 ,2078,117.7,6.00%
321,2024/03/03 ,1960.3,-11.78,-0.59%
322,2024/02/29 ,1972.09,-28.68,-1.43%
323,2024/02/28 ,2000.77,-0.87,-0.04%
324,2024/02/27 ,2001.64,9.34,0.46%
325,2024/02/26 ,1992.3,13.28,0.67%
326,2024/02/25 ,1979.02,-26.81,-1.33%
327,2024/02/22 ,2005.83,-20.76,-1.02%
328,2024/02/21 ,2026.59,-6.46,-0.31%
329,2024/02/20 ,2033.06,-1.76,-0.08%
330,2024/02/18 ,2034.82,-27.21,-1.31%
331,2024/02/15 ,2062.03,-14.46,-0.69%
332,2024/02/14 ,2076.5,5.91,0.28%
333,2024/02/13 ,2070.59,-30.56,-1.45%
334,2024/02/12 ,2101.16,15.33,0.73%
335,2024/02/11 ,2085.82,-10.5,-0.50%
336,2024/02/08 ,2096.32,5.68,0.27%
337,2024/02/07 ,2090.64,4.92,0.23%
338,2024/02/06 ,2085.71,9.44,0.45%
339,2024/02/05 ,2076.27,14.57,0.70%
340,2024/02/04 ,2061.7,-5.31,-0.25%
341,2024/02/01 ,2067.01,-30.92,-1.47%
342,2024/01/31 ,2097.93,-21.67,-1.02%
343,2024/01/30 ,2119.61,14.88,0.70%
344,2024/01/29 ,2104.72,10.26,0.48%
345,2024/01/28 ,2094.46,10.37,0.49%
346,2024/01/25 ,2084.09,-3.94,-0.18%
347,2024/01/24 ,2088.04,-10.25,-0.48%
348,2024/01/23 ,2098.29,-0.4,-0.01%
349,2024/01/22 ,2098.69,-31.49,-1.47%
350,2024/01/21 ,2130.18,-25.63,-1.18%
351,2024/01/18 ,2155.82,-7.24,-0.33%
352,2024/01/17 ,2163.06,-12.1,-0.55%
353,2024/01/16 ,2175.17,54.54,2.57%
354,2024/01/14 ,2120.62,31.62,1.51%
355,2024/01/11 ,2088.99,-0.62,-0.03%
356,2024/01/10 ,2089.62,9.5,0.45%
357,2024/01/09 ,2080.12,20.62,1.00%
358,2024/01/08 ,2059.49,36.57,1.80%
359,2024/01/07 ,2022.92,-26.36,-1.28%
360,2024/01/04 ,2049.28,-8.71,-0.42%
361,2024/01/03 ,2058,27.9,1.37%
362,2024/01/02 ,2030.1,-30.05,-1.45%
363,2024/01/01 ,2060.15,-8.75,-0.42%
364,2023/12/28 ,2068.9,-1.93,-0.09%
365,2023/12/27 ,2070.84,-17.23,-0.82%
366,2023/12/24 ,2088.07,-21.03,-0.99%
367,2023/12/21 ,2109.1,-32.77,-1.53%
368,2023/12/20 ,2141.87,35.39,1.68%
369,2023/12/19 ,2106.48,45.98,2.23%
370,2023/12/17 ,2022.35,27.75,1.39%
371,2023/12/14 ,1994.6,6.55,0.32%
372,2023/12/13 ,1988.04,2.6,0.13%
373,2023/12/12 ,1985.44,36.86,1.89%
374,2023/12/11 ,1948.57,-15.4,-0.78%
375,2023/12/10 ,1963.98,111.2,6.00%
376,2023/12/07 ,1852.77,11.73,0.63%
377,2023/12/06 ,1841.04,3.33,0.18%
378,2023/12/05 ,1837.71,-10.1,-0.54%
379,2023/12/04 ,1847.81,-3.42,-0.18%
380,2023/12/03 ,1851.23,-7.29,-0.39%
381,2023/11/30 ,1858.53,-18.06,-0.96%
382,2023/11/29 ,1876.6,-17.93,-0.94%
383,2023/11/28 ,1894.53,-2.17,-0.11%
384,2023/11/27 ,1896.67,-11.27,-0.59%
385,2023/11/26 ,1907.95,47.75,2.56%
386,2023/11/23 ,1860.2,9.87,0.53%
387,2023/11/22 ,1850.33,20.67,1.13%
388,2023/11/21 ,1829.65,-23.82,-1.28%
389,2023/11/20 ,1853.48,1.39,0.07%
390,2023/11/09 ,1852.08,-11.85,-0.63%
391,2023/11/08 ,1863.94,5.17,0.27%
392,2023/11/07 ,1858.76,11.22,0.60%
393,2023/11/06 ,1847.54,21.3,1.16%
394,2023/11/05 ,1826.23,-21.46,-1.16%
395,2023/11/02 ,1847.7,-10.86,-0.58%
396,2023/11/01 ,1858.56,-5.83,-0.31%
397,2023/10/31 ,1864.4,-14.29,-0.76%
398,2023/10/30 ,1878.7,3.04,0.16%
399,2023/10/29 ,1875.65,-28.18,-1.48%
400,2023/10/19 ,1903.84,-4.05,-0.21%
401,2023/10/18 ,1907.89,43.27,2.32%
402,2023/10/17 ,1864.62,13.18,0.71%
403,2023/10/16 ,1851.43,-23.16,-1.23%
404,2023/10/12 ,1874.6,-20.16,-1.06%
405,2023/10/11 ,1894.76,5.16,0.27%
406,2023/10/10 ,1889.59,-19.06,-0.99%
407,2023/10/09 ,1908.66,-12.58,-0.65%
408,2023/10/08 ,1921.24,-35.67,-1.82%
409,2023/10/05 ,1956.92,-11.04,-0.56%
410,2023/10/04 ,1967.97,9.24,0.47%
411,2023/10/03 ,1958.72,-17.56,-0.88%
412,2023/10/02 ,1976.29,5.19,0.26%
413,2023/10/01 ,1971.1,-33.2,-1.65%
414,2023/09/27 ,2004.3,-18.6,-0.91%
415,2023/09/26 ,2022.91,18.45,0.92%
416,2023/09/25 ,2004.45,-5.89,-0.29%
417,2023/09/24 ,2010.35,-19.42,-0.95%
418,2023/09/21 ,2029.78,44.34,2.23%
419,2023/09/19 ,1985.43,16.24,0.82%
420,2023/09/18 ,1969.18,4.26,0.21%
421,2023/09/17 ,1964.91,-42.14,-2.09%
422,2023/09/13 ,2007.06,39.48,2.00%
423,2023/09/12 ,1967.57,-19.42,-0.97%
424,2023/09/10 ,1942.68,10.23,0.52%
425,2023/09/07 ,1932.45,-28.92,-1.47%
426,2023/09/05 ,1961.37,-6.45,-0.32%
427,2023/09/04 ,1967.83,7.04,0.35%
428,2023/09/03 ,1960.78,-29.81,-1.49%
429,2023/08/30 ,1990.59,-2.82,-0.14%
430,2023/08/29 ,1993.42,-5.05,-0.25%
431,2023/08/28 ,1998.48,5.09,0.25%
432,2023/08/24 ,2013.93,-31.52,-1.54%
433,2023/08/23 ,2045.45,29.47,1.46%
434,2023/08/22 ,2015.98,17.69,0.88%
435,2023/08/21 ,1998.28,-12.93,-0.64%
436,2023/08/20 ,2011.22,-21.91,-1.07%
437,2023/08/17 ,2033.13,8.01,0.39%
438,2023/08/16 ,2025.12,-20.31,-0.99%
439,2023/08/15 ,2045.44,-31.8,-1.53%
440,2023/08/14 ,2077.24,-3.61,-0.17%
441,2023/08/13 ,2080.86,14.81,0.71%
442,2023/08/10 ,2066.05,5.13,0.24%
443,2023/08/09 ,2060.91,41.06,2.03%
444,2023/08/08 ,2019.85,-28.4,-1.38%
445,2023/08/07 ,2048.26,-3.21,-0.15%
446,2023/08/06 ,2051.47,-38.37,-1.83%
447,2023/08/03 ,2089.84,3,0.14%
448,2023/08/02 ,2086.84,9.25,0.44%
449,2023/08/01 ,2077.58,-28.59,-1.35%
450,2023/07/31 ,2106.18,5.84,0.27%
451,2023/07/30 ,2100.34,-26.14,-1.22%
452,2023/07/27 ,2126.48,-29.71,-1.37%
453,2023/07/26 ,2156.2,-8.11,-0.37%
454,2023/07/25 ,2164.31,-36.19,-1.64%
455,2023/07/24 ,2200.5,-26.66,-1.19%
456,2023/07/23 ,2227.16,63.24,2.92%
457,2023/07/20 ,2163.92,-1.31,-0.06%
458,2023/07/19 ,2165.24,11.17,0.51%
459,2023/07/18 ,2154.07,9.91,0.46%
460,2023/07/17 ,2144.16,47.07,2.24%
461,2023/07/16 ,2097.09,12.16,0.58%
462,2023/07/13 ,2084.93,-12.62,-0.60%
463,2023/07/12 ,2097.55,25.31,1.22%
464,2023/07/11 ,2072.24,-4.73,-0.23%
465,2023/07/10 ,2076.96,-0.8,-0.04%
466,2023/07/09 ,2077.76,28.38,1.38%
467,2023/07/06 ,2049.38,-0.06,0.00%
468,2023/07/05 ,2049.44,-39.26,-1.88%
469,2023/07/04 ,2088.7,12.73,0.61%
470,2023/07/03 ,2075.97,-21.32,-1.02%
471,2023/07/02 ,2097.29,-53.7,-2.50%
472,2023/06/28 ,2150.99,-35.37,-1.62%
473,2023/06/27 ,2186.36,56.94,2.67%
474,2023/06/26 ,2129.42,11.69,0.55%
475,2023/06/25 ,2117.73,62.21,3.03%
476,2023/06/22 ,2055.53,4.75,0.23%
477,2023/06/21 ,2050.78,-14.05,-0.68%
478,2023/06/20 ,2064.83,-26.56,-1.27%
479,2023/06/19 ,2091.39,-2.94,-0.14%
480,2023/06/18 ,2094.33,52.26,2.56%
481,2023/06/15 ,2042.07,5,0.25%
482,2023/06/14 ,2037.06,16.42,0.81%
483,2023/06/13 ,2020.64,34.17,1.72%
484,2023/06/12 ,1987.87,7.79,0.39%
485,2023/06/11 ,1980.09,40.48,2.09%
486,2023/06/08 ,1939.61,7.27,0.38%
487,2023/06/07 ,1932.33,4.68,0.24%
488,2023/06/06 ,1927.65,25.66,1.35%
489,2023/06/05 ,1901.99,-17.38,-0.91%
490,2023/06/04 ,1919.37,53.03,2.84%
491,2023/06/01 ,1866.34,16.54,0.89%
492,2023/05/31 ,1849.79,-38.83,-2.06%
493,2023/05/30 ,1888.61,-53.16,-2.74%
494,2023/05/28 ,1941.77,-17.35,-0.89%
495,2023/05/25 ,1959.12,16.49,0.85%
496,2023/05/24 ,1959.12,16.49,0.85%
497,2023/05/23 ,1942.63,51.31,2.71%
498,2023/05/22 ,1891.31,8.1,0.43%
499,2023/05/21 ,1883.2,5.88,0.31%
500,2023/05/18 ,1877.32,32.3,1.75%
501,2023/05/17 ,1845.01,23.39,1.28%
502,2023/05/16 ,1821.62,3.31,0.18%
503,2023/05/15 ,1818.31,-3.34,-0.18%
504,2023/05/14 ,1821.64,-16.96,-0.92%
505,2023/05/11 ,1838.59,-3.34,-0.18%
506,2023/05/10 ,1841.93,-2.43,-0.13%
507,2023/05/09 ,1844.36,10.66,0.58%
508,2023/05/08 ,1833.69,-16.93,-0.91%
509,2023/05/07 ,1850.61,-19.12,-1.02%
510,2023/05/04 ,1869.73,12.73,0.69%
511,2023/05/03 ,1857.23,-9.18,-0.49%
512,2023/05/02 ,1866.4,-4.27,-0.23%
513,2023/04/30 ,1870.66,-19.1,-1.01%
514,2023/04/27 ,1889.75,-2.25,-0.12%
515,2023/04/26 ,1892,-13.68,-0.72%
516,2023/04/25 ,1905.68,17.36,0.92%
517,2023/04/24 ,1888.32,2.71,0.14%
518,2023/04/23 ,1885.6,-18.8,-0.99%
519,2023/04/20 ,1904.4,-15.73,-0.82%
520,2023/04/19 ,1920.12,15.13,0.79%
521,2023/04/18 ,1904.98,-3.07,-0.16%
522,2023/04/17 ,1908.05,-23.63,-1.22%
523,2023/04/16 ,1931.68,-2.8,-0.14%
524,2023/04/13 ,1934.47,-29.08,-1.48%
525,2023/04/12 ,1963.55,92.22,4.93%
526,2023/04/11 ,1871.33,27.31,1.48%
527,2023/04/10 ,1844.02,5.54,0.30%
528,2023/04/09 ,1838.48,-28.31,-1.52%
529,2023/04/06 ,1866.79,-8.28,-0.44%
530,2023/04/05 ,1875.07,8.39,0.45%
531,2023/04/04 ,1866.68,-5.2,-0.28%
532,2023/04/03 ,1871.88,-16.67,-0.88%
533,2023/04/02 ,1888.54,-20.01,-1.05%
534,2023/04/02 ,1888.55,-20,-1.05%
535,2023/03/30 ,1908.55,-10.87,-0.57%
536,2023/03/29 ,1919.42,1.02,0.05%
537,2023/03/28 ,1918.41,12.41,0.65%
538,2023/03/27 ,1906,17.7,0.94%
539,2023/03/26 ,1888.29,-26.85,-1.40%
540,2023/03/23 ,1915.14,-18.15,-0.94%
541,2023/03/22 ,1933.29,-15.76,-0.81%
542,2023/03/20 ,1949.06,22.65,1.18%
543,2023/03/19 ,1926.4,-6.9,-0.36%
544,2023/03/16 ,1933.31,-5.32,-0.27%
545,2023/03/15 ,1938.62,-14.44,-0.74%
546,2023/03/14 ,1953.06,1.85,0.09%
547,2023/03/13 ,1951.21,-24.68,-1.25%
548,2023/03/12 ,1975.89,-26.8,-1.34%
549,2023/03/09 ,2002.7,50.04,2.56%
550,2023/03/07 ,1952.66,14.41,0.74%
551,2023/03/05 ,1938.25,-30.77,-1.56%
552,2023/03/02 ,1969.02,-26.47,-1.33%
553,2023/03/01 ,1995.49,-24.44,-1.21%
554,2023/02/28 ,2019.93,-3.61,-0.18%
555,2023/02/27 ,2023.54,-3.65,-0.18%
556,2023/02/26 ,2027.19,4.55,0.22%
557,2023/02/23 ,2022.64,-57.74,-2.78%
558,2023/02/22 ,2080.38,33.57,1.64%
559,2023/02/20 ,2046.81,-23.6,-1.14%
560,2023/02/16 ,2070.41,-21.15,-1.01%
561,2023/02/15 ,2091.56,-13.9,-0.66%
562,2023/02/14 ,2105.46,-16.4,-0.77%
563,2023/02/12 ,2121.86,-60.77,-2.78%
564,2023/02/09 ,2182.63,12.45,0.57%
565,2023/02/08 ,2170.18,-7.16,-0.33%
566,2023/02/07 ,2177.34,76.64,3.65%
567,2023/02/06 ,2100.7,4.62,0.22%
568,2023/02/05 ,2096.08,1.54,0.07%
569,2023/02/02 ,2094.54,-22.12,-1.04%
570,2023/02/01 ,2116.65,4.97,0.24%
571,2023/01/31 ,2111.68,-15.7,-0.74%
572,2023/01/30 ,2127.37,-41.16,-1.90%
573,2023/01/29 ,2168.53,-14.68,-0.67%
574,2023/01/26 ,2183.21,-0.41,-0.02%
575,2023/01/25 ,2183.62,10.37,0.48%
576,2023/01/24 ,2173.25,8.15,0.38%
577,2023/01/23 ,2165.1,-13.71,-0.63%
578,2023/01/19 ,2178.81,5.71,0.26%
579,2023/01/18 ,2173.1,-9.01,-0.41%
580,2023/01/17 ,2182.11,32.72,1.52%
581,2023/01/12 ,2149.39,-41.04,-1.87%
582,2023/01/10 ,2190.42,-21.34,-0.96%
583,2023/01/09 ,2211.76,47.15,2.18%
584,2023/01/08 ,2164.61,20.68,0.96%
585,2023/01/05 ,2143.93,18.09,0.85%
586,2023/01/04 ,2125.84,64.78,3.14%
587,2023/01/03 ,2061.06,-3.03,-0.15%
588,2023/01/02 ,2063.83,17.56,0.86%
589,2023/01/01 ,2046.26,17.24,0.85%
590,2022/12/29 ,2029.03,56.88,2.88%
591,2022/12/28 ,1972.15,-11.81,-0.60%
592,2022/12/27 ,1983.95,59.87,3.11%
593,2022/12/26 ,1924.09,56.88,3.05%
594,2022/12/22 ,1867.21,-0.01,0.00%
595,2022/12/21 ,1867.22,-5.89,-0.31%
596,2022/12/20 ,1873.11,14.22,0.76%
597,2022/12/19 ,1858.89,3.83,0.21%
598,2022/12/18 ,1855.06,-27.54,-1.46%
599,2022/12/15 ,1882.6,-14.48,-0.76%
600,2022/12/14 ,1897.08,-2.62,-0.14%
601,2022/12/13 ,1899.7,-2.57,-0.13%
602,2022/12/12 ,1902.27,16.96,0.90%
603,2022/12/11 ,1885.31,-31.97,-1.67%
604,2022/12/07 ,1917.28,-16.61,-0.86%
605,2022/12/06 ,1933.88,-4.87,-0.25%
606,2022/12/05 ,1938.76,-24.46,-1.25%
607,2022/12/04 ,1963.22,2.16,0.11%
608,2022/12/01 ,1961.06,11.22,0.58%
609,2022/11/30 ,1949.85,-3.51,-0.18%
610,2022/11/29 ,1953.35,2.99,0.15%
611,2022/11/28 ,1950.37,-15.61,-0.79%
612,2022/11/27 ,1965.98,32.43,1.68%
613,2022/11/24 ,1933.55,11.56,0.60%
614,2022/11/23 ,1921.99,-7.72,-0.40%
615,2022/11/22 ,1929.7,-7.13,-0.37%
616,2022/11/17 ,1936.83,25.57,1.34%
617,2022/11/16 ,1911.26,13.4,0.71%
618,2022/11/15 ,1897.86,-6.59,-0.35%
619,2022/11/14 ,1904.45,21.29,1.13%
620,2022/11/13 ,1883.16,-10.54,-0.56%
621,2022/11/10 ,1893.7,-23.52,-1.23%
622,2022/11/09 ,1917.22,-39.15,-2.00%
623,2022/11/08 ,1956.36,-2.57,-0.13%
624,2022/11/07 ,1958.94,-6.43,-0.33%
625,2022/11/06 ,1965.36,43.2,2.25%
626,2022/11/03 ,1922.16,-16.14,-0.83%
627,2022/11/02 ,1938.3,7.32,0.38%
628,2022/11/01 ,1930.97,56.1,2.99%
629,2022/10/31 ,1874.87,16.39,0.88%
630,2022/10/23 ,1858.49,14.35,0.78%
631,2022/10/20 ,1844.14,-1.38,-0.07%
632,2022/10/19 ,1845.51,-12.81,-0.69%
633,2022/10/17 ,1858.33,-2.61,-0.14%
634,2022/10/16 ,1860.94,-9.69,-0.52%
635,2022/10/13 ,1870.63,4.15,0.22%
636,2022/10/12 ,1866.48,11.32,0.61%
637,2022/10/11 ,1855.16,-16.06,-0.86%
638,2022/10/10 ,1871.22,-27.16,-1.43%
639,2022/10/09 ,1898.38,44.62,2.41%
640,2022/09/29 ,1853.76,16.29,0.89%
641,2022/09/28 ,1837.46,6.41,0.35%
642,2022/09/27 ,1831.05,15.92,0.88%
643,2022/09/25 ,1815.13,-23.83,-1.30%
644,2022/09/22 ,1838.96,-9.83,-0.53%
645,2022/09/21 ,1848.8,11.19,0.61%
646,2022/09/20 ,1837.6,-38.81,-2.07%
647,2022/09/18 ,1876.41,-33.97,-1.78%
648,2022/09/16 ,1910.38,-14.1,-0.73%
649,2022/09/15 ,1924.48,-57,-2.88%
650,2022/09/14 ,1981.48,47.44,2.45%
651,2022/09/13 ,1934.05,21.3,1.11%
652,2022/09/12 ,1912.74,-13.54,-0.70%
653,2022/09/11 ,1926.28,-11.46,-0.59%
654,2022/09/08 ,1937.74,-2.13,-0.11%
655,2022/09/07 ,1939.88,-11.97,-0.61%
656,2022/09/06 ,1951.79,-21.22,-1.08%
657,2022/09/05 ,1973.01,-4.29,-0.22%
658,2022/09/04 ,1977.3,6.68,0.34%
659,2022/09/02 ,1970.62,-1.67,-0.08%
660,2022/08/31 ,1973.38,-21.97,-1.10%
661,2022/08/30 ,1995.21,2.19,0.11%
662,2022/08/29 ,1993.02,3.76,0.19%
663,2022/08/28 ,1989.26,-33.36,-1.65%
664,2022/08/26 ,2022.62,-16.93,-0.83%
665,2022/08/25 ,2039.54,-18.3,-0.89%
666,2022/08/24 ,2057.85,2.87,0.14%
667,2022/08/23 ,2054.95,1.81,0.09%
668,2022/08/22 ,2053.16,-7.38,-0.36%
669,2022/08/21 ,2060.55,-7.72,-0.37%
670,2022/08/18 ,2068.26,27.56,1.35%
671,2022/08/17 ,2040.7,-0.36,-0.02%
672,2022/08/16 ,2041.06,-24.83,-1.20%
673,2022/08/15 ,2065.89,55.88,2.78%
674,2022/08/14 ,2010.01,-27.92,-1.37%
675,2022/08/11 ,2037.92,-18.96,-0.92%
676,2022/08/10 ,2057.68,-5.11,-0.25%
677,2022/08/09 ,2060.73,-45.42,-2.16%
678,2022/08/08 ,2106.15,-17.68,-0.83%
679,2022/08/07 ,2123.82,10.27,0.49%
680,2022/08/05 ,2113.55,-34.61,-1.61%
681,2022/08/04 ,2148.16,-38.61,-1.77%
682,2022/08/03 ,2186.76,-6.72,-0.31%
683,2022/08/02 ,2193.48,-2.76,-0.13%
684,2022/08/01 ,2196.25,1.15,0.05%
685,2022/07/31 ,2195.1,54.58,2.55%
686,2022/07/29 ,2140.52,13.05,0.61%
687,2022/07/28 ,2127.47,15.49,0.73%
688,2022/07/27 ,2111.99,23.83,1.14%
689,2022/07/26 ,2088.16,-44.8,-2.10%
690,2022/07/25 ,2132.96,54.45,2.62%
691,2022/07/24 ,2078.51,61.05,3.03%
692,2022/07/22 ,2017.46,-27.26,-1.33%
693,2022/07/21 ,2044.72,-5.87,-0.29%
694,2022/07/20 ,2050.59,4.89,0.24%
695,2022/07/19 ,2045.69,16.27,0.80%
696,2022/07/18 ,2029.43,18.03,0.90%
697,2022/07/17 ,2011.39,1.93,0.10%
698,2022/07/15 ,2009.46,7.93,0.40%
699,2022/07/14 ,2001.53,14.71,0.74%
700,2022/07/13 ,1986.82,59.54,3.09%
701,2022/07/12 ,1927.28,11.68,0.61%
702,2022/07/11 ,1915.61,-77.01,-3.86%
703,2022/07/08 ,1992.62,-34.7,-1.71%
704,2022/07/07 ,2027.32,-16.6,-0.81%
705,2022/07/06 ,2043.92,13.33,0.66%
706,2022/07/05 ,2030.59,-46.08,-2.22%
707,2022/07/04 ,2076.67,-9.75,-0.47%
708,2022/07/03 ,2086.38,57.61,2.84%
709,2022/07/01 ,2028.77,-8.87,-0.44%
710,2022/06/30 ,2037.64,74.93,3.82%
711,2022/06/29 ,1962.71,41.39,2.15%
712,2022/06/28 ,1921.31,-11.82,-0.61%
713,2022/06/27 ,1933.13,-23.85,-1.22%
714,2022/06/26 ,1956.98,94.92,5.10%
715,2022/06/24 ,1862.06,13.78,0.75%
716,2022/06/23 ,1848.28,-45.25,-2.39%
717,2022/06/22 ,1893.53,-31.21,-1.62%
718,2022/06/21 ,1922.3,37.49,1.99%
719,2022/06/20 ,1884.81,-49.31,-2.55%
720,2022/06/19 ,1934.11,-37.27,-1.89%
721,2022/06/17 ,1971.38,-7.56,-0.38%
722,2022/06/16 ,1978.94,12.57,0.64%
723,2022/06/15 ,1966.37,-29.89,-1.50%
724,2022/06/14 ,1996.26,-36.07,-1.78%
725,2022/06/13 ,2032.34,-15.82,-0.77%
726,2022/06/10 ,2048.16,-14.64,-0.71%
727,2022/06/09 ,2062.86,-17.58,-0.85%
728,2022/06/08 ,2080.44,60.22,2.98%
729,2022/06/07 ,2020.23,-45.59,-2.21%
730,2022/06/06 ,2065.78,-12.92,-0.62%
731,2022/06/03 ,2078.7,-33.76,-1.60%
732,2022/06/02 ,2112.47,-18.26,-0.86%
733,2022/06/01 ,2130.71,-7.21,-0.34%
734,2022/05/31 ,2137.92,-35.53,-1.63%
735,2022/05/30 ,2178.69,-45.09,-2.03%
736,2022/05/27 ,2223.78,-15.82,-0.71%
737,2022/05/26 ,2239.6,8.03,0.36%
738,2022/05/25 ,2231.57,14.37,0.65%
739,2022/05/24 ,2217.19,16.32,0.74%
740,2022/05/23 ,2200.88,-34.21,-1.53%
741,2022/05/20 ,2235.09,-15.82,-0.70%
742,2022/05/19 ,2250.91,-23.51,-1.03%
743,2022/05/18 ,2274.42,8.9,0.39%
744,2022/05/17 ,2265.52,-84.9,-3.61%
745,2022/05/12 ,2350.42,-18.64,-0.79%
746,2022/05/11 ,2369.06,56.06,2.42%
747,2022/05/10 ,2313,44.16,1.95%
748,2022/05/09 ,2268.84,12.27,0.54%
749,2022/05/08 ,2256.57,17.95,0.80%
750,2022/05/05 ,2238.62,-37.06,-1.63%
751,2022/05/04 ,2275.68,-31.76,-1.38%
752,2022/05/02 ,2307.44,-48.73,-2.07%
753,2022/04/28 ,2356.2,-19.97,-0.84%
754,2022/04/27 ,2376.17,5.17,0.22%
755,2022/04/26 ,2370.99,-15.02,-0.63%
756,2022/04/25 ,2386.01,-34.95,-1.44%
757,2022/04/24 ,2420.91,95.46,4.11%
758,2022/04/21 ,2325.45,4.94,0.21%
759,2022/04/20 ,2320.51,-36.73,-1.56%
760,2022/04/19 ,2357.24,13.37,0.57%
761,2022/04/18 ,2343.87,-41.77,-1.75%
762,2022/04/17 ,2385.64,-29.6,-1.23%
763,2022/04/13 ,2415.24,30.24,1.27%
764,2022/04/12 ,2385.02,-34.78,-1.44%
765,2022/04/11 ,2419.71,-44.64,-1.81%
766,2022/04/07 ,2464.31,35.66,1.47%
767,2022/04/06 ,2428.75,-23.32,-0.95%
768,2022/04/05 ,2452.06,-46.46,-1.86%
769,2022/04/04 ,2497.47,-15.94,-0.63%
770,2022/04/03 ,2513.41,-30.89,-1.21%
771,2022/03/31 ,2544.3,-23.95,-0.93%
772,2022/03/30 ,2568.25,40.68,1.61%
773,2022/03/29 ,2527.58,-14.26,-0.56%
774,2022/03/28 ,2541.83,-30.43,-1.18%
775,2022/03/27 ,2572.23,-41.43,-1.59%
776,2022/03/24 ,2613.67,-16.69,-0.63%
777,2022/03/23 ,2630.36,-20.34,-0.77%
778,2022/03/22 ,2650.7,16.04,0.61%
779,2022/03/21 ,2634.57,17.99,0.69%
780,2022/03/20 ,2616.58,-14.67,-0.56%
781,2022/03/16 ,2631.32,-19.65,-0.74%
782,2022/03/15 ,2650.97,-17.15,-0.64%
783,2022/03/14 ,2668.11,0.15,0.01%
784,2022/03/13 ,2667.97,101.07,3.94%
785,2022/03/10 ,2566.9,52.31,2.08%
786,2022/03/09 ,2514.58,-30.36,-1.19%
787,2022/03/07 ,2544.93,1.54,0.06%
788,2022/03/06 ,2543.39,-3.66,-0.14%
789,2022/03/02 ,2547.04,-63.54,-2.43%
790,2022/02/28 ,2610.58,-43.12,-1.62%
791,2022/02/27 ,2653.7,-7.73,-0.29%
792,2022/02/24 ,2661.44,-58.99,-2.17%
793,2022/02/23 ,2720.43,-15.5,-0.57%
794,2022/02/22 ,2735.93,17.42,0.64%
795,2022/02/21 ,2718.51,25.41,0.94%
796,2022/02/20 ,2693.1,-39.4,-1.44%
797,2022/02/17 ,2732.51,-1.94,-0.07%
798,2022/02/16 ,2734.44,-19.84,-0.72%
799,2022/02/15 ,2754.28,53.3,1.97%
800,2022/02/14 ,2700.98,0.08,0.00%
801,2022/02/13 ,2700.89,-100.67,-3.59%
802,2022/02/10 ,2801.56,-11.96,-0.43%
803,2022/02/09 ,2813.47,-22.11,-0.78%
804,2022/02/08 ,2835.58,-16.3,-0.57%
805,2022/02/07 ,2851.88,15.71,0.55%
806,2022/02/06 ,2836.17,-40.57,-1.41%
807,2022/02/03 ,2876.74,-14.6,-0.50%
808,2022/02/01 ,2891.33,19.29,0.67%
809,2022/01/31 ,2872.05,-13.48,-0.47%
810,2022/01/30 ,2885.53,105.55,3.80%
811,2022/01/27 ,2779.98,3.33,0.12%
812,2022/01/26 ,2776.65,-38.42,-1.36%
813,2022/01/25 ,2815.06,-5.59,-0.20%
814,2022/01/24 ,2820.41,-100.1,-3.43%
815,2022/01/23 ,2920.51,-10.83,-0.37%
816,2022/01/20 ,2931.26,32.96,1.14%
817,2022/01/19 ,2898.31,-38.35,-1.31%
818,2022/01/18 ,2936.66,-10.78,-0.37%
819,2022/01/17 ,2947.38,20.64,0.71%
820,2022/01/16 ,2926.74,69,2.41%
821,2022/01/13 ,2857.75,54.12,1.93%
822,2022/01/12 ,2803.62,-30.51,-1.08%
823,2022/01/11 ,2834.13,49.19,1.77%
824,2022/01/10 ,2784.95,19.43,0.70%
825,2022/01/09 ,2765.47,73.01,2.71%
826,2022/01/06 ,2692.47,43.29,1.63%
827,2022/01/05 ,2649.2,-30.75,-1.15%
828,2022/01/04 ,2679.95,63.01,2.41%
829,2022/01/03 ,2616.94,32.03,1.24%
830,2022/01/02 ,2584.91,60.41,2.39%
831,2021/12/29 ,2524.5,5.51,0.22%
832,2021/12/28 ,2518.99,-2.66,-0.11%
833,2021/12/27 ,2521.65,-69.77,-2.69%
834,2021/12/26 ,2591.42,71.2,2.82%
835,2021/12/23 ,2520.23,12.53,0.50%
836,2021/12/22 ,2507.7,92.16,3.82%
837,2021/12/21 ,2415.55,56.73,2.41%
838,2021/12/20 ,2358.82,-17.93,-0.75%
839,2021/12/16 ,2376.75,-37.87,-1.57%
840,2021/12/15 ,2414.62,-4.23,-0.17%
841,2021/12/14 ,2418.85,137.18,6.01%
842,2021/12/13 ,2281.67,-79.57,-3.37%
843,2021/12/12 ,2361.27,-88.7,-3.62%
844,2021/12/09 ,2449.97,-5.84,-0.24%
845,2021/12/08 ,2455.82,-53.09,-2.12%
846,2021/12/07 ,2508.91,-37.18,-1.46%
847,2021/12/06 ,2546.09,32.22,1.28%
848,2021/12/05 ,2513.87,-72.32,-2.80%
849,2021/12/02 ,2584.61,-49.04,-1.86%
850,2021/12/01 ,2633.66,5.28,0.20%
851,2021/11/30 ,2628.37,-1.64,-0.06%
852,2021/11/29 ,2630.01,-21.48,-0.81%
853,2021/11/28 ,2651.49,-80.29,-2.94%
854,2021/11/25 ,2731.78,-3.22,-0.12%
855,2021/11/24 ,2735.01,1.89,0.07%
856,2021/11/23 ,2733.14,-32.29,-1.17%
857,2021/11/22 ,2765.44,7.9,0.29%
858,2021/11/21 ,2757.53,-11.6,-0.42%
859,2021/11/18 ,2769.13,-32.39,-1.16%
860,2021/11/17 ,2801.52,16.95,0.61%
861,2021/11/16 ,2784.58,69.22,2.55%
862,2021/11/15 ,2715.35,26.44,0.98%
863,2021/11/14 ,2688.92,-1.38,-0.05%
864,2021/11/11 ,2690.29,-59.57,-2.17%
865,2021/11/09 ,2749.86,-79.79,-2.82%
866,2021/11/08 ,2829.65,-19.2,-0.67%
867,2021/11/03 ,2848.84,5.22,0.18%
868,2021/11/02 ,2843.62,23.76,0.84%
869,2021/11/01 ,2819.87,-17.75,-0.63%
870,2021/10/31 ,2837.62,55.5,1.99%
871,2021/10/28 ,2782.17,13.04,0.47%
872,2021/10/27 ,2769.13,18.06,0.66%
873,2021/10/26 ,2751.07,78.82,2.95%
874,2021/10/25 ,2672.25,87.63,3.39%
875,2021/10/24 ,2584.53,27.51,1.08%
876,2021/10/21 ,2556.96,-14.7,-0.57%
877,2021/10/20 ,2571.66,60.56,2.41%
878,2021/10/19 ,2510.73,-77.33,-2.99%
879,2021/10/18 ,2587.45,-69.51,-2.62%
880,2021/10/17 ,2656.97,17.59,0.67%
881,2021/10/11 ,2639.38,-23.19,-0.87%
882,2021/10/10 ,2662.58,-18.53,-0.69%
883,2021/10/06 ,2681.11,68.47,2.62%
884,2021/10/05 ,2612.65,41.84,1.63%
885,2021/10/04 ,2570.81,-6.68,-0.26%
886,2021/10/03 ,2577.5,-55.93,-2.12%
887,2021/09/30 ,2633.42,-32.51,-1.22%
888,2021/09/29 ,2665.94,50.58,1.93%
889,2021/09/28 ,2615.4,-70.01,-2.61%
890,2021/09/27 ,2685.42,-73.05,-2.65%
891,2021/09/26 ,2758.48,-61.27,-2.17%
892,2021/09/23 ,2819.66,2.7,0.10%
893,2021/09/22 ,2816.95,104.88,3.87%
894,2021/09/21 ,2712.07,13.83,0.51%
895,2021/09/20 ,2698.25,-114.02,-4.05%
896,2021/09/16 ,2812.39,-76.65,-2.65%
897,2021/09/15 ,2889.03,-40.26,-1.37%
898,2021/09/14 ,2929.29,-18.54,-0.63%
899,2021/09/13 ,2947.7,0.27,0.01%
900,2021/09/12 ,2947.42,71.43,2.48%
901,2021/09/09 ,2875.98,-0.62,-0.02%
902,2021/09/08 ,2876.59,-60.02,-2.04%
903,2021/09/07 ,2936.61,-44.18,-1.48%
904,2021/09/06 ,2980.79,161.94,5.74%
905,2021/09/05 ,2818.73,-108.26,-3.70%
906,2021/09/02 ,2926.89,-50.13,-1.68%
907,2021/09/01 ,2976.98,1.14,0.04%
908,2021/08/31 ,2975.84,-69.05,-2.27%
909,2021/08/29 ,3044.87,-49.18,-1.59%
910,2021/08/26 ,3094.05,17.6,0.57%
911,2021/08/25 ,3076.45,-48.42,-1.55%
912,2021/08/24 ,3124.87,-56.03,-1.76%
913,2021/08/19 ,3180.79,-18.24,-0.57%
914,2021/08/18 ,3198.6,38.28,1.21%
915,2021/08/17 ,3160.32,0.23,0.01%
916,2021/08/16 ,3160.06,5.72,0.18%
917,2021/08/15 ,3154.03,-24.88,-0.78%
918,2021/08/12 ,3179,16.41,0.52%
919,2021/08/11 ,3162.6,0.94,0.03%
920,2021/08/10 ,3161.45,51.86,1.67%
921,2021/08/09 ,3109.67,1.54,0.05%
922,2021/08/08 ,3108.13,0.66,0.02%
923,2021/08/05 ,3107.45,-16,-0.51%
924,2021/08/04 ,3123.15,12.05,0.39%
925,2021/08/03 ,3111.09,26.02,0.84%
926,2021/08/02 ,3085.07,4.06,0.13%
927,2021/08/01 ,3081.06,1.25,0.04%
928,2021/07/29 ,3079.83,-15.11,-0.49%
929,2021/07/28 ,3094.95,15.3,0.50%
930,2021/07/27 ,3079.67,29.24,0.96%
931,2021/07/26 ,3050.43,-8.24,-0.27%
932,2021/07/25 ,3058.64,54.31,1.81%
933,2021/07/22 ,3004.32,18.75,0.63%
934,2021/07/20 ,2985.57,-9.01,-0.30%
935,2021/07/19 ,2994.58,13.97,0.47%
936,2021/07/18 ,2980.61,97.21,3.37%
937,2021/07/15 ,2883.38,11.33,0.39%
938,2021/07/14 ,2872.05,1.01,0.04%
939,2021/07/13 ,2871.04,16.34,0.57%
940,2021/07/12 ,2854.77,-45.06,-1.55%
941,2021/07/11 ,2899.82,74.71,2.64%
942,2021/07/08 ,2824.9,23.76,0.85%
943,2021/07/07 ,2801.13,-16.97,-0.60%
944,2021/07/06 ,2818.11,-5.24,-0.19%
945,2021/07/05 ,2822.74,-11.78,-0.42%
946,2021/07/04 ,2834.52,-8.48,-0.30%
947,2021/07/01 ,2843,19.12,0.68%
948,2021/06/30 ,2823.88,-4.13,-0.15%
949,2021/06/29 ,2828.01,-47.49,-1.65%
950,2021/06/28 ,2875.5,5.11,0.18%
951,2021/06/27 ,2870.38,27.38,0.96%
952,2021/06/24 ,2843,-16.96,-0.59%
953,2021/06/23 ,2862.19,-51.65,-1.77%
954,2021/06/22 ,2913.85,79.44,2.80%
955,2021/06/21 ,2834.41,-71.06,-2.45%
956,2021/06/20 ,2905.15,-63.28,-2.13%
957,2021/06/17 ,2968.43,-1.29,-0.04%
958,2021/06/16 ,2969.7,-52.41,-1.73%
959,2021/06/15 ,3022.11,-3.72,-0.12%
960,2021/06/14 ,3025.83,42.72,1.43%
961,2021/06/13 ,2983.11,38.32,1.30%
962,2021/06/10 ,2944.78,-1.8,-0.06%
963,2021/06/09 ,2946.58,-13.56,-0.46%
964,2021/06/08 ,2960.14,53.44,1.84%
965,2021/06/07 ,2906.7,-0.21,-0.01%
966,2021/06/06 ,2906.89,50.13,1.75%
967,2021/06/03 ,2856.68,29.55,1.05%
968,2021/06/02 ,2827.13,55.76,2.01%
969,2021/06/01 ,2771.15,-11.68,-0.42%
970,2021/05/31 ,2782.69,-45.25,-1.60%
971,2021/05/30 ,2827.93,12.54,0.45%
972,2021/05/27 ,2815.4,-1.2,-0.04%
973,2021/05/25 ,2816.57,-6.5,-0.23%
974,2021/05/24 ,2823.07,3.07,0.11%
975,2021/05/23 ,2820,32.81,1.18%
976,2021/05/20 ,2787.19,6.37,0.23%
977,2021/05/19 ,2780.81,-13.09,-0.47%
978,2021/05/18 ,2793.9,34.68,1.26%
979,2021/05/17 ,2759.22,20.71,0.76%
980,2021/05/16 ,2738.3,54.21,2.02%
981,2021/05/13 ,2684.01,10.13,0.38%
982,2021/05/12 ,2673.88,0.56,0.02%
983,2021/05/11 ,2673.32,27.47,1.04%
984,2021/05/10 ,2645.85,27.41,1.05%
985,2021/05/09 ,2618.57,-18.56,-0.70%
986,2021/05/06 ,2637.13,-12.47,-0.47%
987,2021/05/05 ,2649.6,-5.09,-0.19%
988,2021/05/04 ,2654.69,1.94,0.07%
989,2021/05/03 ,2652.76,-12.35,-0.46%
990,2021/05/02 ,2665.11,54,2.07%
991,2021/04/29 ,2611.11,25.82,1.00%
992,2021/04/28 ,2585.28,-13.79,-0.53%
993,2021/04/27 ,2599.08,92.46,3.69%
994,2021/04/26 ,2506.62,-65.58,-2.55%
995,2021/04/25 ,2572.22,-75.79,-2.86%
996,2021/04/22 ,2648.01,15.8,0.60%
997,2021/04/21 ,2632.21,-32.41,-1.22%
998,2021/04/20 ,2664.62,2.68,0.10%
999,2021/04/19 ,2661.94,-37.58,-1.39%
1000,2021/04/18 ,2699.51,-35.89,-1.31%
